experience_level_enc,employment_type_enc,company_size_enc,company_location_enc,employee_residence_enc,job_title_enc,remote_ratio,skill_python,skill_sql,skill_ml,skill_cloud,skill_viz,skill_nlp,skill_stats,source_index,actual_salary,predicted_salary,job_title,experience_level,company_size,cluster,cluster_label
3,2,1,68,73,28,0,1,0,1,0,0,0,0,1607,198440,165276.93,DATA SCIENTIST,SE,M,0,Entry-Level Analysts
3,2,1,68,73,19,0,1,1,0,0,0,0,0,173,160000,157349.44,DATA ENGINEER,SE,M,1,Senior ML Engineers
1,2,1,68,73,19,0,1,1,0,0,0,0,0,463,265000,183869.5,DATA ENGINEER,EX,M,1,Senior ML Engineers
1,2,0,68,38,7,100,1,1,0,0,1,0,0,2352,150000,83837.22,BI DATA ANALYST,EX,L,1,Senior ML Engineers
2,2,1,24,26,19,100,1,1,0,0,0,0,0,2089,47280,63544.74,DATA ENGINEER,MI,M,1,Senior ML Engineers
2,2,1,68,73,15,0,1,1,0,0,1,0,0,1461,206000,104069.37,DATA ANALYST,MI,M,1,Senior ML Engineers
3,2,1,68,73,19,100,1,1,0,0,0,0,0,1587,170000,161784.8,DATA ENGINEER,SE,M,1,Senior ML Engineers
3,2,1,68,73,19,0,1,1,0,0,0,0,0,1175,175000,157349.44,DATA ENGINEER,SE,M,1,Senior ML Engineers
3,2,1,68,73,50,0,0,0,0,0,0,0,1,259,210000,165134.33,RESEARCH SCIENTIST,SE,M,2,Cloud & Data Platform
2,2,1,68,73,15,0,1,1,0,0,1,0,0,445,85000,104069.37,DATA ANALYST,MI,M,1,Senior ML Engineers
3,2,1,68,73,5,100,0,0,0,0,0,0,0,246,205000,179840.94,APPLIED SCIENTIST,SE,M,3,Business Intelligence
2,2,1,68,73,39,0,0,0,1,0,0,0,0,175,250000,148927.15,MACHINE LEARNING ENGINEER,MI,M,3,Business Intelligence
3,2,1,68,73,28,0,1,0,1,0,0,0,0,480,115000,165276.93,DATA SCIENTIST,SE,M,0,Entry-Level Analysts
3,2,2,27,62,19,50,1,1,0,0,0,0,0,2500,76833,51908.7,DATA ENGINEER,SE,S,1,Senior ML Engineers
1,2,2,11,11,36,100,1,1,0,0,0,0,0,2069,115222,131056.6,LEAD DATA ENGINEER,EX,S,1,Senior ML Engineers
3,2,1,68,73,19,100,1,1,0,0,0,0,0,1068,114000,161784.8,DATA ENGINEER,SE,M,1,Senior ML Engineers
2,2,1,27,29,39,0,0,0,1,0,0,0,0,1547,104663,93304.38,MACHINE LEARNING ENGINEER,MI,M,3,Business Intelligence
1,2,1,68,73,19,0,1,1,0,0,0,0,0,211,145000,183869.5,DATA ENGINEER,EX,M,1,Senior ML Engineers
3,2,1,68,73,28,100,1,0,1,0,0,0,0,1507,168000,163676.18,DATA SCIENTIST,SE,M,0,Entry-Level Analysts
3,2,1,68,73,40,0,0,0,1,0,0,0,0,746,171600,186658.74,MACHINE LEARNING INFRASTRUCTURE ENGINEER,SE,M,3,Business Intelligence
3,2,1,68,73,19,100,1,1,0,0,0,0,0,1084,133800,161784.8,DATA ENGINEER,SE,M,1,Senior ML Engineers
3,2,1,68,73,19,0,1,1,0,0,0,0,0,486,139500,157349.44,DATA ENGINEER,SE,M,1,Senior ML Engineers
3,2,0,68,73,28,0,1,0,1,0,0,0,0,2086,215300,161695.13,DATA SCIENTIST,SE,L,0,Entry-Level Analysts
3,2,1,68,73,19,0,1,1,0,0,0,0,0,1189,120000,157349.44,DATA ENGINEER,SE,M,1,Senior ML Engineers
3,2,1,68,73,28,0,1,0,1,0,0,0,0,479,172000,165276.93,DATA SCIENTIST,SE,M,0,Entry-Level Analysts
2,2,1,24,26,28,0,1,0,1,0,0,0,0,581,59020,50225.61,DATA SCIENTIST,MI,M,0,Entry-Level Analysts
3,2,1,68,73,19,0,1,1,0,0,0,0,0,1653,171000,157349.44,DATA ENGINEER,SE,M,1,Senior ML Engineers
3,2,1,68,73,28,0,1,0,1,0,0,0,0,1546,156400,165276.93,DATA SCIENTIST,SE,M,0,Entry-Level Analysts
3,2,1,68,73,19,0,1,1,0,0,0,0,0,44,221484,157349.44,DATA ENGINEER,SE,M,1,Senior ML Engineers
3,2,1,68,73,19,100,1,1,0,0,0,0,0,188,200000,161784.8,DATA ENGINEER,SE,M,1,Senior ML Engineers
3,2,1,68,73,15,0,1,1,0,0,1,0,0,1102,240500,125077.28,DATA ANALYST,SE,M,1,Senior ML Engineers
3,2,1,19,20,48,100,1,0,1,0,0,0,0,2509,148261,141261.33,PRINCIPAL DATA SCIENTIST,SE,M,0,Entry-Level Analysts
3,2,1,68,73,15,100,1,1,0,0,1,0,0,1226,149000,123561.51,DATA ANALYST,SE,M,1,Senior ML Engineers
3,2,1,68,73,2,100,0,0,0,0,0,0,1,979,200000,155869.54,ANALYTICS ENGINEER,SE,M,2,Cloud & Data Platform
3,2,1,68,73,28,0,1,0,1,0,0,0,0,1620,138938,165276.93,DATA SCIENTIST,SE,M,0,Entry-Level Analysts
3,2,1,68,73,2,100,0,0,0,0,0,0,1,1939,135000,155869.54,ANALYTICS ENGINEER,SE,M,2,Cloud & Data Platform
3,2,0,40,41,47,0,0,0,0,0,0,0,0,1514,68293,137692.55,DATA MANAGEMENT SPECIALIST,SE,L,3,Business Intelligence
2,2,0,62,66,47,50,1,1,0,1,0,0,0,2374,89294,70994.13,CLOUD DATA ENGINEER,MI,L,4,Research & NLP
0,2,2,37,38,28,50,1,0,1,0,0,0,0,999,12888,18614.72,DATA SCIENTIST,EN,S,0,Entry-Level Analysts
2,2,1,9,10,19,100,1,1,0,0,0,0,0,1662,42000,74721.94,DATA ENGINEER,MI,M,1,Senior ML Engineers
3,2,1,68,73,15,0,1,1,0,0,1,0,0,647,110000,125077.28,DATA ANALYST,SE,M,1,Senior ML Engineers
2,2,0,68,73,19,100,1,1,0,0,0,0,0,2344,140000,131459.02,DATA ENGINEER,MI,L,1,Senior ML Engineers
2,2,1,68,73,30,100,0,0,0,0,0,0,0,764,100000,131531.71,DEEP LEARNING ENGINEER,MI,M,3,Business Intelligence
3,2,1,68,73,2,100,0,0,0,0,0,0,1,239,173000,155869.54,ANALYTICS ENGINEER,SE,M,2,Cloud & Data Platform
2,2,1,27,29,47,100,0,0,0,0,0,0,0,170,57723,78370.03,ETL ENGINEER,MI,M,3,Business Intelligence
3,2,1,49,52,27,100,0,0,0,0,0,0,0,700,150000,105976.02,DATA SCIENCE MANAGER,SE,M,3,Business Intelligence
3,2,0,68,73,39,100,0,0,1,0,0,0,0,1971,202900,175865.29,MACHINE LEARNING ENGINEER,SE,L,3,Business Intelligence
3,2,1,68,73,15,100,1,1,0,0,1,0,0,617,94000,123561.51,DATA ANALYST,SE,M,1,Senior ML Engineers
2,2,1,68,73,19,0,1,1,0,0,0,0,0,719,100000,133278.51,DATA ENGINEER,MI,M,1,Senior ML Engineers
3,2,1,68,73,15,0,1,1,0,0,1,0,0,324,155000,125077.28,DATA ANALYST,SE,M,1,Senior ML Engineers
0,2,0,37,38,19,100,1,1,0,0,0,0,0,2361,30428,20007.17,DATA ENGINEER,EN,L,1,Senior ML Engineers
1,2,2,68,73,42,100,0,0,1,0,0,0,0,1874,180000,206571.06,MACHINE LEARNING SCIENTIST,EX,S,3,Business Intelligence
2,2,1,68,73,17,0,0,0,0,0,0,0,1,1475,140000,135113.72,DATA ANALYTICS MANAGER,MI,M,2,Cloud & Data Platform
3,2,2,68,8,15,100,1,1,0,0,1,0,0,2341,80000,124768.54,DATA ANALYST,SE,S,1,Senior ML Engineers
3,2,1,68,73,49,0,0,0,0,0,0,0,1,56,139000,181947.53,RESEARCH ENGINEER,SE,M,2,Cloud & Data Platform
2,2,1,68,73,29,0,0,0,0,0,0,0,0,318,80000,133484.67,DATA SPECIALIST,MI,M,3,Business Intelligence
3,2,0,68,73,5,0,0,0,0,0,0,0,0,1098,126100,182700.37,APPLIED SCIENTIST,SE,L,3,Business Intelligence
3,2,1,68,73,28,0,1,0,1,0,0,0,0,1403,152000,165276.93,DATA SCIENTIST,SE,M,0,Entry-Level Analysts
2,2,1,68,73,19,100,1,1,0,0,0,0,0,1330,187000,135541.45,DATA ENGINEER,MI,M,1,Senior ML Engineers
3,2,1,68,73,15,100,1,1,0,0,1,0,0,2014,128875,123561.51,DATA ANALYST,SE,M,1,Senior ML Engineers
2,2,1,68,73,47,0,0,0,1,0,0,0,0,748,130000,133931.73,APPLIED MACHINE LEARNING ENGINEER,MI,M,3,Business Intelligence
3,2,1,68,73,47,100,1,0,0,0,1,0,0,1869,81000,129258.63,DATA OPERATIONS ANALYST,SE,M,1,Senior ML Engineers
3,2,0,6,73,15,100,1,1,0,0,1,0,0,1418,171000,103921.0,DATA ANALYST,SE,L,1,Senior ML Engineers
0,2,1,68,73,28,0,1,0,1,0,0,0,0,986,124234,107594.67,DATA SCIENTIST,EN,M,0,Entry-Level Analysts
3,2,1,68,73,18,0,0,0,0,0,0,0,0,1964,250000,155446.76,DATA ARCHITECT,SE,M,3,Business Intelligence
3,2,1,68,73,8,100,0,0,0,0,1,0,0,1017,140000,131460.8,BI DEVELOPER,SE,M,3,Business Intelligence
3,2,1,68,73,39,0,0,0,1,0,0,0,0,596,126000,175894.42,MACHINE LEARNING ENGINEER,SE,M,3,Business Intelligence
0,2,1,37,38,28,100,1,0,1,0,0,0,0,2228,17805,23598.52,DATA SCIENTIST,EN,M,0,Entry-Level Analysts
3,2,1,68,73,12,100,0,0,0,1,0,0,0,1237,190000,165304.09,CLOUD DATABASE ENGINEER,SE,M,4,Research & NLP
3,2,1,68,73,17,100,0,0,0,0,0,0,1,321,120000,136920.76,DATA ANALYTICS MANAGER,SE,M,2,Cloud & Data Platform
3,2,1,68,73,26,0,0,0,0,0,0,0,0,819,172200,193617.89,DATA SCIENCE LEAD,SE,M,3,Business Intelligence
3,2,1,68,73,19,0,1,1,0,0,0,0,0,43,270703,157349.44,DATA ENGINEER,SE,M,1,Senior ML Engineers
3,2,1,68,73,19,100,1,1,0,0,0,0,0,1739,180000,161784.8,DATA ENGINEER,SE,M,1,Senior ML Engineers
3,2,1,68,73,19,100,1,1,0,0,0,0,0,765,290000,161784.8,DATA ENGINEER,SE,M,1,Senior ML Engineers
2,2,0,27,29,19,100,1,1,0,0,0,0,0,2304,82528,75907.79,DATA ENGINEER,MI,L,1,Senior ML Engineers
3,2,1,68,73,19,0,1,1,0,0,0,0,0,1117,100706,157349.44,DATA ENGINEER,SE,M,1,Senior ML Engineers
3,2,1,68,73,15,0,1,1,0,0,1,0,0,433,128500,125077.28,DATA ANALYST,SE,M,1,Senior ML Engineers
3,2,0,68,73,19,0,1,1,0,0,0,0,0,1763,154545,156365.81,DATA ENGINEER,SE,L,1,Senior ML Engineers
3,2,0,68,73,47,100,0,0,1,0,0,0,0,1368,190000,176765.03,PRINCIPAL MACHINE LEARNING ENGINEER,SE,L,3,Business Intelligence
3,2,0,26,28,39,50,0,0,1,0,0,0,0,990,84053,77233.6,MACHINE LEARNING ENGINEER,SE,L,3,Business Intelligence
0,2,1,68,73,19,0,1,1,0,0,0,0,0,134,65000,105746.44,DATA ENGINEER,EN,M,1,Senior ML Engineers
3,2,1,68,73,19,100,1,1,0,0,0,0,0,2188,110500,161784.8,DATA ENGINEER,SE,M,1,Senior ML Engineers
3,2,1,68,73,28,0,1,0,1,0,0,0,0,1058,223800,165276.93,DATA SCIENTIST,SE,M,0,Entry-Level Analysts
2,2,1,29,31,19,100,1,1,0,0,0,0,0,1855,84053,54092.44,DATA ENGINEER,MI,M,1,Senior ML Engineers
2,2,1,6,5,7,100,1,1,0,0,1,0,0,1891,53368,61279.28,BI DATA ANALYST,MI,M,1,Senior ML Engineers
1,2,1,68,73,34,100,0,0,0,0,0,0,0,2161,224000,229225.95,HEAD OF DATA SCIENCE,EX,M,3,Business Intelligence
0,2,1,26,28,47,50,0,0,1,0,0,0,1,1817,20000,48015.02,MACHINE LEARNING RESEARCH ENGINEER,EN,M,2,Cloud & Data Platform
3,2,1,68,73,5,100,0,0,0,0,0,0,0,1376,196000,179840.94,APPLIED SCIENTIST,SE,M,3,Business Intelligence
3,2,1,24,26,15,0,1,1,0,0,1,0,0,1336,39925,44133.48,DATA ANALYST,SE,M,1,Senior ML Engineers
3,2,1,68,73,15,0,1,1,0,0,1,0,0,1103,137500,125077.28,DATA ANALYST,SE,M,1,Senior ML Engineers
3,2,1,68,73,19,0,1,1,0,0,0,0,0,508,260000,157349.44,DATA ENGINEER,SE,M,1,Senior ML Engineers
3,2,1,68,73,28,0,1,0,1,0,0,0,0,2039,186000,165276.93,DATA SCIENTIST,SE,M,0,Entry-Level Analysts
3,2,1,68,73,28,0,1,0,1,0,0,0,0,1777,218000,165276.93,DATA SCIENTIST,SE,M,0,Entry-Level Analysts
3,2,1,68,73,28,0,1,0,1,0,0,0,0,651,82365,165276.93,DATA SCIENTIST,SE,M,0,Entry-Level Analysts
2,2,1,68,73,20,0,0,0,0,0,0,0,0,790,190000,158287.47,DATA INFRASTRUCTURE ENGINEER,MI,M,3,Business Intelligence
3,2,1,68,73,28,100,1,0,1,0,0,0,0,430,173000,163676.18,DATA SCIENTIST,SE,M,0,Entry-Level Analysts
3,2,1,68,73,27,0,0,0,0,0,0,0,0,742,120000,196079.64,DATA SCIENCE MANAGER,SE,M,3,Business Intelligence
3,2,1,58,61,19,0,1,1,0,0,0,0,0,1125,37558,57684.65,DATA ENGINEER,SE,M,1,Senior ML Engineers
3,2,1,68,73,5,100,0,0,0,0,0,0,0,1260,142000,179840.94,APPLIED SCIENTIST,SE,M,3,Business Intelligence
0,2,1,44,61,13,100,0,0,0,0,0,0,0,2236,10000,41778.27,COMPUTER VISION ENGINEER,EN,M,3,Business Intelligence
2,2,1,68,73,19,0,1,1,0,0,0,0,0,1241,115000,133278.51,DATA ENGINEER,MI,M,1,Senior ML Engineers
2,2,1,68,73,15,0,1,1,0,0,1,0,0,869,125000,104069.37,DATA ANALYST,MI,M,1,Senior ML Engineers
3,2,1,68,73,19,0,1,1,0,0,0,0,0,767,192000,157349.44,DATA ENGINEER,SE,M,1,Senior ML Engineers
3,2,1,68,73,28,0,1,0,1,0,0,0,0,1210,220000,165276.93,DATA SCIENTIST,SE,M,0,Entry-Level Analysts
2,2,1,68,73,7,0,1,1,0,0,1,0,0,2477,98000,111591.02,BI DATA ANALYST,MI,M,1,Senior ML Engineers
3,2,0,68,73,28,0,1,0,1,0,0,0,0,2119,180000,161695.13,DATA SCIENTIST,SE,L,0,Entry-Level Analysts
0,2,0,68,73,28,100,1,0,1,0,0,0,0,1673,80000,103584.99,DATA SCIENTIST,EN,L,0,Entry-Level Analysts
3,2,1,68,73,49,0,0,0,0,0,0,0,1,521,200000,181947.53,RESEARCH ENGINEER,SE,M,2,Cloud & Data Platform
2,2,1,68,73,39,100,0,0,1,0,0,0,0,282,280700,149584.71,MACHINE LEARNING ENGINEER,MI,M,3,Business Intelligence
3,2,1,68,73,17,100,0,0,0,0,0,0,1,2054,145000,136920.76,DATA ANALYTICS MANAGER,SE,M,2,Cloud & Data Platform
2,2,1,27,29,19,100,1,1,0,0,0,0,0,544,85066,80657.72,DATA ENGINEER,MI,M,1,Senior ML Engineers
3,2,1,68,73,28,100,1,0,1,0,0,0,0,1322,136000,163676.18,DATA SCIENTIST,SE,M,0,Entry-Level Analysts
3,2,2,25,27,39,50,0,0,1,0,0,0,0,1809,63040,82197.55,MACHINE LEARNING ENGINEER,SE,S,3,Business Intelligence
3,2,0,27,28,4,100,0,0,1,0,0,0,0,1993,77119,77896.33,APPLIED MACHINE LEARNING SCIENTIST,SE,L,3,Business Intelligence
2,2,1,68,73,28,0,1,0,1,0,0,0,0,856,170000,135704.2,DATA SCIENTIST,MI,M,0,Entry-Level Analysts
0,2,0,68,73,38,100,0,0,1,0,0,0,0,2030,180000,129949.43,MACHINE LEARNING DEVELOPER,EN,L,3,Business Intelligence
2,2,1,68,73,19,0,1,1,0,0,0,0,0,2428,93150,133278.51,DATA ENGINEER,MI,M,1,Senior ML Engineers
2,2,0,0,0,37,0,1,0,1,0,0,0,0,2399,115000,100637.94,LEAD DATA SCIENTIST,MI,L,0,Entry-Level Analysts
3,2,1,68,73,49,0,0,0,0,0,0,0,1,902,102544,181947.53,RESEARCH ENGINEER,SE,M,2,Cloud & Data Platform
3,2,1,68,73,19,0,1,1,0,0,0,0,0,845,226700,157349.44,DATA ENGINEER,SE,M,1,Senior ML Engineers
0,2,1,68,73,28,0,1,0,1,0,0,0,0,457,190000,107594.67,DATA SCIENTIST,EN,M,0,Entry-Level Analysts
3,2,1,68,73,15,100,1,1,0,0,1,0,0,354,170550,123561.51,DATA ANALYST,SE,M,1,Senior ML Engineers
3,2,1,27,29,21,0,0,0,0,0,0,0,0,727,54365,98117.14,DATA MANAGER,SE,M,3,Business Intelligence
3,2,1,68,73,28,0,1,0,1,0,0,0,0,93,70000,165276.93,DATA SCIENTIST,SE,M,0,Entry-Level Analysts
3,2,1,68,73,28,0,1,0,1,0,0,0,0,1211,146000,165276.93,DATA SCIENTIST,SE,M,0,Entry-Level Analysts
3,2,1,68,73,39,100,0,0,1,0,0,0,0,2016,100000,180617.15,MACHINE LEARNING ENGINEER,SE,M,3,Business Intelligence
3,2,1,68,73,15,100,1,1,0,0,1,0,0,1387,140000,123561.51,DATA ANALYST,SE,M,1,Senior ML Engineers
0,2,2,68,73,28,100,1,0,1,0,0,0,0,2384,90000,91955.48,DATA SCIENTIST,EN,S,0,Entry-Level Analysts
3,2,1,68,73,49,0,0,0,0,0,0,0,1,522,175000,181947.53,RESEARCH ENGINEER,SE,M,2,Cloud & Data Platform
2,2,1,9,10,6,100,1,1,0,0,1,0,0,1665,48000,70207.87,BI ANALYST,MI,M,1,Senior ML Engineers
0,2,0,11,11,28,100,1,0,1,0,0,0,0,2240,51081,68184.78,DATA SCIENTIST,EN,L,0,Entry-Level Analysts
3,2,1,68,73,24,0,0,0,0,0,0,0,0,1185,145000,125846.33,DATA SCIENCE CONSULTANT,SE,M,3,Business Intelligence
2,2,1,8,7,39,100,0,0,1,0,0,0,0,2472,88654,70493.79,MACHINE LEARNING ENGINEER,MI,M,3,Business Intelligence
3,2,0,68,73,28,0,1,0,1,0,0,0,0,1893,160000,161695.13,DATA SCIENTIST,SE,L,0,Entry-Level Analysts
3,2,1,68,73,28,100,1,0,1,0,0,0,0,1535,127000,163676.18,DATA SCIENTIST,SE,M,0,Entry-Level Analysts
0,2,1,68,73,15,0,1,1,0,0,1,0,0,1299,48000,73797.97,DATA ANALYST,EN,M,1,Senior ML Engineers
3,2,1,68,73,15,0,1,1,0,0,1,0,0,1616,127000,125077.28,DATA ANALYST,SE,M,1,Senior ML Engineers
3,2,1,68,73,28,100,1,0,1,0,0,0,0,1628,180000,163676.18,DATA SCIENTIST,SE,M,0,Entry-Level Analysts
2,2,1,68,73,15,0,1,1,0,0,1,0,0,1044,135000,104069.37,DATA ANALYST,MI,M,1,Senior ML Engineers
3,2,1,68,73,50,0,0,0,0,0,0,0,1,420,250000,165134.33,RESEARCH SCIENTIST,SE,M,2,Cloud & Data Platform
3,2,1,68,73,28,0,1,0,1,0,0,0,0,178,190000,165276.93,DATA SCIENTIST,SE,M,0,Entry-Level Analysts
2,2,1,68,73,19,100,1,1,0,0,0,0,0,2128,170000,135541.45,DATA ENGINEER,MI,M,1,Senior ML Engineers
2,2,1,68,73,15,0,1,1,0,0,1,0,0,367,182500,104069.37,DATA ANALYST,MI,M,1,Senior ML Engineers
3,2,1,68,73,19,100,1,1,0,0,0,0,0,2071,132320,161784.8,DATA ENGINEER,SE,M,1,Senior ML Engineers
3,2,1,68,73,15,100,1,1,0,0,1,0,0,1447,96000,123561.51,DATA ANALYST,SE,M,1,Senior ML Engineers
2,2,1,27,29,19,100,1,1,0,0,0,0,0,1268,92350,80657.72,DATA ENGINEER,MI,M,1,Senior ML Engineers
0,3,0,68,52,6,100,1,1,0,0,1,0,0,1552,12000,67033.38,BI ANALYST,EN,L,1,Senior ML Engineers
3,2,1,68,73,28,100,1,0,1,0,0,0,0,1551,135000,163676.18,DATA SCIENTIST,SE,M,0,Entry-Level Analysts
3,2,1,68,73,18,100,0,0,0,0,0,0,0,601,188500,165004.93,DATA ARCHITECT,SE,M,3,Business Intelligence
3,2,1,68,73,19,0,1,1,0,0,0,0,0,435,106500,157349.44,DATA ENGINEER,SE,M,1,Senior ML Engineers
2,2,1,27,29,28,0,1,0,1,0,0,0,0,2110,36940,88556.82,DATA SCIENTIST,MI,M,0,Entry-Level Analysts
3,2,1,68,73,49,0,0,0,0,0,0,0,1,1293,149850,181947.53,RESEARCH ENGINEER,SE,M,2,Cloud & Data Platform
3,2,1,68,73,18,100,0,0,0,0,0,0,0,840,160000,165004.93,DATA ARCHITECT,SE,M,3,Business Intelligence
2,2,1,68,73,28,100,1,0,1,0,0,0,0,1194,150000,130952.83,DATA SCIENTIST,MI,M,0,Entry-Level Analysts
3,2,1,68,73,15,100,1,1,0,0,1,0,0,2176,116150,123561.51,DATA ANALYST,SE,M,1,Senior ML Engineers
0,2,1,68,73,19,0,1,1,0,0,0,0,0,945,135000,105746.44,DATA ENGINEER,EN,M,1,Senior ML Engineers
2,2,1,68,73,2,100,0,0,0,0,0,0,1,1741,85000,136510.64,ANALYTICS ENGINEER,MI,M,2,Cloud & Data Platform
3,2,1,68,73,2,0,0,0,0,0,0,0,1,1904,245000,158505.55,ANALYTICS ENGINEER,SE,M,2,Cloud & Data Platform
3,2,1,68,73,15,100,1,1,0,0,1,0,0,196,120000,123561.51,DATA ANALYST,SE,M,1,Senior ML Engineers
1,2,1,68,73,19,0,1,1,0,0,0,0,0,599,167500,183869.5,DATA ENGINEER,EX,M,1,Senior ML Engineers
3,2,1,68,73,15,0,1,1,0,0,1,0,0,233,200000,125077.28,DATA ANALYST,SE,M,1,Senior ML Engineers
3,2,0,68,31,28,100,1,0,1,0,0,0,0,2313,68428,87847.45,DATA SCIENTIST,SE,L,0,Entry-Level Analysts
3,2,1,68,73,28,0,1,0,1,0,0,0,0,218,145000,165276.93,DATA SCIENTIST,SE,M,0,Entry-Level Analysts
3,2,1,68,73,32,100,0,0,0,0,0,0,0,1897,146200,184307.03,ETL DEVELOPER,SE,M,3,Business Intelligence
2,2,1,9,10,2,100,0,0,0,0,0,0,1,1660,48000,76349.56,ANALYTICS ENGINEER,MI,M,2,Cloud & Data Platform
0,2,0,68,73,6,50,1,1,0,0,1,0,0,1621,76000,83973.51,BI ANALYST,EN,L,1,Senior ML Engineers
1,2,1,11,54,47,0,1,1,0,0,1,0,0,168,15000,63300.4,STAFF DATA ANALYST,EX,M,1,Senior ML Engineers
3,2,1,16,16,21,0,0,0,0,0,0,0,0,528,48000,135102.2,DATA MANAGER,SE,M,3,Business Intelligence
3,2,1,68,73,19,0,1,1,0,0,0,0,0,298,221000,157349.44,DATA ENGINEER,SE,M,1,Senior ML Engineers
2,2,1,68,73,15,0,1,1,0,0,1,0,0,1192,150000,104069.37,DATA ANALYST,MI,M,1,Senior ML Engineers
3,2,1,68,73,17,0,0,0,0,0,0,0,1,923,204500,151082.55,DATA ANALYTICS MANAGER,SE,M,2,Cloud & Data Platform
3,2,1,68,73,28,100,1,0,1,0,0,0,0,1887,170000,163676.18,DATA SCIENTIST,SE,M,0,Entry-Level Analysts
3,2,1,68,73,49,0,0,0,0,0,0,0,1,111,133000,181947.53,RESEARCH ENGINEER,SE,M,2,Cloud & Data Platform
0,2,1,68,73,28,100,1,0,1,0,0,0,0,2265,80000,109784.96,DATA SCIENTIST,EN,M,0,Entry-Level Analysts
2,2,1,68,73,27,100,0,0,0,0,0,0,0,1920,134000,160292.9,DATA SCIENCE MANAGER,MI,M,3,Business Intelligence
1,2,1,68,73,19,0,1,1,0,0,0,0,0,464,235000,183869.5,DATA ENGINEER,EX,M,1,Senior ML Engineers
3,2,1,68,73,19,0,1,1,0,0,0,0,0,1187,145000,157349.44,DATA ENGINEER,SE,M,1,Senior ML Engineers
3,2,1,68,73,32,100,0,0,0,0,0,0,0,1898,124270,184307.03,ETL DEVELOPER,SE,M,3,Business Intelligence
3,2,1,68,73,28,0,1,0,1,0,0,0,0,1619,159699,165276.93,DATA SCIENTIST,SE,M,0,Entry-Level Analysts
0,2,1,27,29,19,100,1,1,0,0,0,0,0,1600,49253,60240.24,DATA ENGINEER,EN,M,1,Senior ML Engineers
1,2,1,68,73,19,0,1,1,0,0,0,0,0,212,115000,183869.5,DATA ENGINEER,EX,M,1,Senior ML Engineers
2,2,0,48,51,19,50,1,1,0,0,0,0,0,2530,28369,26490.24,DATA ENGINEER,MI,L,1,Senior ML Engineers
3,2,0,68,73,29,100,0,0,0,0,0,0,0,2531,165000,124844.51,DATA SPECIALIST,SE,L,3,Business Intelligence
3,2,1,68,73,28,100,1,0,1,0,0,0,0,296,203000,163676.18,DATA SCIENTIST,SE,M,0,Entry-Level Analysts
3,2,1,68,10,28,100,1,0,1,0,0,0,0,2250,100000,153943.43,DATA SCIENTIST,SE,M,0,Entry-Level Analysts
3,2,1,68,73,19,0,1,1,0,0,0,0,0,1590,172200,157349.44,DATA ENGINEER,SE,M,1,Senior ML Engineers
2,2,1,68,73,28,0,1,0,1,0,0,0,0,1027,183310,135704.2,DATA SCIENTIST,MI,M,0,Entry-Level Analysts
0,2,0,27,29,19,50,1,1,0,0,0,0,0,1842,45390,54862.28,DATA ENGINEER,EN,L,1,Senior ML Engineers
3,2,1,68,73,28,100,1,0,1,0,0,0,0,495,102500,163676.18,DATA SCIENTIST,SE,M,0,Entry-Level Analysts
3,2,2,68,60,36,50,1,1,0,0,0,0,0,2429,160000,153744.44,LEAD DATA ENGINEER,SE,S,1,Senior ML Engineers
2,2,1,68,73,15,0,1,1,0,0,1,0,0,368,121500,104069.37,DATA ANALYST,MI,M,1,Senior ML Engineers
3,2,1,68,73,39,100,0,0,1,0,0,0,0,422,216000,180617.15,MACHINE LEARNING ENGINEER,SE,M,3,Business Intelligence
3,2,1,11,11,28,0,1,0,1,0,0,0,0,194,224000,159665.94,DATA SCIENTIST,SE,M,0,Entry-Level Analysts
3,2,1,68,73,2,0,0,0,0,0,0,0,1,772,140000,158505.55,ANALYTICS ENGINEER,SE,M,2,Cloud & Data Platform
3,2,1,68,73,19,100,1,1,0,0,0,0,0,1303,190000,161784.8,DATA ENGINEER,SE,M,1,Senior ML Engineers
3,2,1,68,73,28,0,1,0,1,0,0,0,0,650,149076,165276.93,DATA SCIENTIST,SE,M,0,Entry-Level Analysts
0,2,0,68,73,15,100,1,1,0,0,1,0,0,2424,72000,71734.13,DATA ANALYST,EN,L,1,Senior ML Engineers
2,2,1,23,25,42,100,0,0,1,0,0,0,0,2034,22800,81297.27,MACHINE LEARNING SCIENTIST,MI,M,3,Business Intelligence
3,2,1,68,73,19,100,1,1,0,0,0,0,0,2156,243900,161784.8,DATA ENGINEER,SE,M,1,Senior ML Engineers
0,2,0,68,73,39,50,0,0,1,0,0,0,0,2339,250000,132898.32,MACHINE LEARNING ENGINEER,EN,L,3,Business Intelligence
3,2,1,68,73,28,0,1,0,1,0,0,0,0,1566,172200,165276.93,DATA SCIENTIST,SE,M,0,Entry-Level Analysts
2,2,1,68,73,19,100,1,1,0,0,0,0,0,1510,118000,135541.45,DATA ENGINEER,MI,M,1,Senior ML Engineers
0,2,1,68,73,49,0,0,0,0,0,0,0,1,414,120000,145396.56,RESEARCH ENGINEER,EN,M,2,Cloud & Data Platform
0,2,2,68,73,19,100,1,1,0,0,0,0,0,2232,65000,89645.44,DATA ENGINEER,EN,S,1,Senior ML Engineers
3,2,1,68,73,5,100,0,0,0,0,0,0,0,1511,205000,179840.94,APPLIED SCIENTIST,SE,M,3,Business Intelligence
3,2,1,68,73,49,0,0,0,0,0,0,0,1,1292,249500,181947.53,RESEARCH ENGINEER,SE,M,2,Cloud & Data Platform
3,2,1,68,73,28,0,1,0,1,0,0,0,0,1032,220000,165276.93,DATA SCIENTIST,SE,M,0,Entry-Level Analysts
2,2,0,18,19,50,50,0,0,0,0,0,0,1,2256,69999,76140.15,RESEARCH SCIENTIST,MI,L,2,Cloud & Data Platform
3,2,1,68,73,15,0,1,1,0,0,1,0,0,1451,70000,125077.28,DATA ANALYST,SE,M,1,Senior ML Engineers
3,2,1,16,16,21,0,0,0,0,0,0,0,0,527,65000,135102.2,DATA MANAGER,SE,M,3,Business Intelligence
3,2,1,68,73,28,0,1,0,1,0,0,0,0,1865,191475,165276.93,DATA SCIENTIST,SE,M,0,Entry-Level Analysts
3,2,1,68,73,24,0,0,0,0,0,0,0,0,1036,145000,125846.33,DATA SCIENCE CONSULTANT,SE,M,3,Business Intelligence
3,2,1,68,73,21,0,0,0,0,0,0,0,0,978,168400,135894.79,DATA MANAGER,SE,M,3,Business Intelligence
3,2,1,27,29,19,100,1,1,0,0,0,0,0,1864,82280,106017.58,DATA ENGINEER,SE,M,1,Senior ML Engineers
3,2,1,68,73,28,100,1,0,1,0,0,0,0,51,218500,163676.18,DATA SCIENTIST,SE,M,0,Entry-Level Analysts
3,2,1,68,73,44,0,1,0,1,0,0,0,0,1005,135000,195146.0,ML ENGINEER,SE,M,0,Entry-Level Analysts
3,2,1,68,73,2,100,0,0,0,0,0,0,1,1813,140000,155869.54,ANALYTICS ENGINEER,SE,M,2,Cloud & Data Platform
2,2,0,27,29,47,0,0,0,1,0,0,0,1,1106,72914,81304.35,MACHINE LEARNING RESEARCH ENGINEER,MI,L,2,Cloud & Data Platform
3,2,1,68,73,19,100,1,1,0,0,0,0,0,969,107250,161784.8,DATA ENGINEER,SE,M,1,Senior ML Engineers
3,2,1,68,73,39,0,0,0,1,0,0,0,0,1080,145000,175894.42,MACHINE LEARNING ENGINEER,SE,M,3,Business Intelligence
3,2,1,58,61,19,0,1,1,0,0,0,0,0,1503,63040,57684.65,DATA ENGINEER,SE,M,1,Senior ML Engineers
2,2,1,68,73,24,0,0,0,0,0,0,0,0,613,70000,115213.67,DATA SCIENCE CONSULTANT,MI,M,3,Business Intelligence
1,2,1,68,73,19,100,1,1,0,0,0,0,0,1272,310000,208471.34,DATA ENGINEER,EX,M,1,Senior ML Engineers
3,2,1,68,73,19,100,1,1,0,0,0,0,0,96,217000,161784.8,DATA ENGINEER,SE,M,1,Senior ML Engineers
3,2,1,68,73,15,0,1,1,0,0,1,0,0,838,227000,125077.28,DATA ANALYST,SE,M,1,Senior ML Engineers
3,2,1,68,73,15,100,1,1,0,0,1,0,0,2017,136260,123561.51,DATA ANALYST,SE,M,1,Senior ML Engineers
2,2,1,68,73,28,100,1,0,1,0,0,0,0,289,93918,130952.83,DATA SCIENTIST,MI,M,0,Entry-Level Analysts
3,2,1,68,73,15,100,1,1,0,0,1,0,0,518,81666,123561.51,DATA ANALYST,SE,M,1,Senior ML Engineers
3,2,1,68,73,19,100,1,1,0,0,0,0,0,1304,120000,161784.8,DATA ENGINEER,SE,M,1,Senior ML Engineers
2,2,1,11,11,15,0,1,1,0,0,1,0,0,2179,75000,79828.98,DATA ANALYST,MI,M,1,Senior ML Engineers
2,2,0,19,20,28,0,1,0,1,0,0,0,0,2409,79833,82967.04,DATA SCIENTIST,MI,L,0,Entry-Level Analysts
2,2,1,68,38,28,100,1,0,1,0,0,0,0,1264,31795,71128.43,DATA SCIENTIST,MI,M,0,Entry-Level Analysts
3,2,1,68,73,19,0,1,1,0,0,0,0,0,930,137500,157349.44,DATA ENGINEER,SE,M,1,Senior ML Engineers
0,2,2,46,49,43,50,0,0,1,0,0,0,0,1263,10000,41662.55,MACHINE LEARNING SOFTWARE ENGINEER,EN,S,3,Business Intelligence
3,2,1,68,73,2,0,0,0,0,0,0,0,1,1878,250000,158505.55,ANALYTICS ENGINEER,SE,M,2,Cloud & Data Platform
3,2,1,68,73,2,0,0,0,0,0,0,0,1,530,130000,158505.55,ANALYTICS ENGINEER,SE,M,2,Cloud & Data Platform
2,2,1,27,29,28,50,1,0,1,0,0,0,0,2013,80036,77281.25,DATA SCIENTIST,MI,M,0,Entry-Level Analysts
1,2,1,27,29,34,0,0,0,0,0,0,0,0,729,127467,133268.38,HEAD OF DATA SCIENCE,EX,M,3,Business Intelligence
3,2,1,68,73,28,100,1,0,1,0,0,0,0,1728,144000,163676.18,DATA SCIENTIST,SE,M,0,Entry-Level Analysts
2,2,0,40,41,39,50,0,0,1,0,0,0,0,2095,51064,82150.25,MACHINE LEARNING ENGINEER,MI,L,3,Business Intelligence
3,2,1,68,73,50,100,0,0,0,0,0,0,1,1537,196000,181263.43,RESEARCH SCIENTIST,SE,M,2,Cloud & Data Platform
2,2,1,68,73,40,0,0,0,1,0,0,0,0,668,171600,159814.08,MACHINE LEARNING INFRASTRUCTURE ENGINEER,MI,M,3,Business Intelligence
3,2,1,68,73,28,0,1,0,1,0,0,0,0,618,210550,165276.93,DATA SCIENTIST,SE,M,0,Entry-Level Analysts
3,2,1,68,73,28,0,1,0,1,0,0,0,0,254,162000,165276.93,DATA SCIENTIST,SE,M,0,Entry-Level Analysts
2,2,1,68,73,2,0,0,0,0,0,0,0,1,572,165000,140008.27,ANALYTICS ENGINEER,MI,M,2,Cloud & Data Platform
2,2,1,27,29,28,0,1,0,1,0,0,0,0,461,72914,88556.82,DATA SCIENTIST,MI,M,0,Entry-Level Analysts
2,2,1,27,29,19,0,1,1,0,0,0,0,0,2022,104663,84793.76,DATA ENGINEER,MI,M,1,Senior ML Engineers
3,2,1,68,73,19,100,1,1,0,0,0,0,0,251,146115,161784.8,DATA ENGINEER,SE,M,1,Senior ML Engineers
3,2,1,68,73,19,100,1,1,0,0,0,0,0,2167,200100,161784.8,DATA ENGINEER,SE,M,1,Senior ML Engineers
3,2,1,68,73,19,0,1,1,0,0,0,0,0,1486,168400,157349.44,DATA ENGINEER,SE,M,1,Senior ML Engineers
3,2,1,68,73,19,100,1,1,0,0,0,0,0,670,78000,161784.8,DATA ENGINEER,SE,M,1,Senior ML Engineers
3,2,1,68,73,19,0,1,1,0,0,0,0,0,210,100000,157349.44,DATA ENGINEER,SE,M,1,Senior ML Engineers
0,2,1,68,73,50,0,0,0,0,0,0,0,1,568,150000,129006.9,RESEARCH SCIENTIST,EN,M,2,Cloud & Data Platform
2,2,1,68,73,19,100,1,1,0,0,0,0,0,1524,135000,135541.45,DATA ENGINEER,MI,M,1,Senior ML Engineers
1,2,1,68,73,34,0,0,0,0,0,0,0,0,932,195800,227863.23,HEAD OF DATA SCIENCE,EX,M,3,Business Intelligence
3,2,1,68,73,19,0,1,1,0,0,0,0,0,1177,153600,157349.44,DATA ENGINEER,SE,M,1,Senior ML Engineers
3,2,1,68,73,44,100,1,0,1,0,0,0,0,1436,243000,186558.71,ML ENGINEER,SE,M,0,Entry-Level Analysts
0,2,0,68,73,19,100,1,1,0,0,0,0,0,2309,80000,103706.91,DATA ENGINEER,EN,L,1,Senior ML Engineers
2,2,1,27,29,28,0,1,0,1,0,0,0,0,2109,61566,88556.82,DATA SCIENTIST,MI,M,0,Entry-Level Analysts
3,2,1,68,73,39,100,0,0,1,0,0,0,0,789,200000,180617.15,MACHINE LEARNING ENGINEER,SE,M,3,Business Intelligence
3,2,1,11,11,47,0,0,0,0,0,0,0,0,30,72000,149546.76,DATA STRATEGIST,SE,M,3,Business Intelligence
2,2,1,68,73,19,0,1,1,0,0,0,0,0,1083,70000,133278.51,DATA ENGINEER,MI,M,1,Senior ML Engineers
2,2,1,68,73,19,100,1,1,0,0,0,0,0,812,140000,135541.45,DATA ENGINEER,MI,M,1,Senior ML Engineers
3,2,1,11,11,19,0,1,1,0,0,0,0,0,1444,132000,154546.25,DATA ENGINEER,SE,M,1,Senior ML Engineers
3,2,1,68,73,15,0,1,1,0,0,1,0,0,1338,110600,125077.28,DATA ANALYST,SE,M,1,Senior ML Engineers
0,2,0,68,73,15,100,1,1,0,0,1,0,0,1611,64000,71734.13,DATA ANALYST,EN,L,1,Senior ML Engineers
2,2,1,68,73,49,100,0,0,0,0,0,0,1,1127,100000,164833.74,RESEARCH ENGINEER,MI,M,2,Cloud & Data Platform
3,2,1,68,73,19,0,1,1,0,0,0,0,0,1159,161800,157349.44,DATA ENGINEER,SE,M,1,Senior ML Engineers
2,2,1,68,73,15,0,1,1,0,0,1,0,0,940,150000,104069.37,DATA ANALYST,MI,M,1,Senior ML Engineers
3,2,1,68,73,19,100,1,1,0,0,0,0,0,859,163625,161784.8,DATA ENGINEER,SE,M,1,Senior ML Engineers
2,2,0,68,73,19,100,1,1,0,0,0,0,0,2414,112000,131459.02,DATA ENGINEER,MI,L,1,Senior ML Engineers
0,2,0,68,73,47,50,1,1,0,0,1,0,0,2283,100000,77913.72,FINANCIAL DATA ANALYST,EN,L,1,Senior ML Engineers
3,2,1,68,73,50,0,0,0,0,0,0,0,1,1301,149850,165134.33,RESEARCH SCIENTIST,SE,M,2,Cloud & Data Platform
3,2,1,68,73,2,100,0,0,0,0,0,0,1,237,152900,155869.54,ANALYTICS ENGINEER,SE,M,2,Cloud & Data Platform
3,2,1,68,73,19,0,1,1,0,0,0,0,0,109,133800,157349.44,DATA ENGINEER,SE,M,1,Senior ML Engineers
3,2,1,68,73,15,0,1,1,0,0,1,0,0,1560,123648,125077.28,DATA ANALYST,SE,M,1,Senior ML Engineers
2,2,1,27,29,30,100,0,0,0,0,0,0,0,1488,86193,67736.11,DEEP LEARNING ENGINEER,MI,M,3,Business Intelligence
3,2,1,68,73,19,0,1,1,0,0,0,0,0,1997,99100,157349.44,DATA ENGINEER,SE,M,1,Senior ML Engineers
3,2,1,68,73,28,0,1,0,1,0,0,0,0,252,135000,165276.93,DATA SCIENTIST,SE,M,0,Entry-Level Analysts
2,2,0,68,73,28,50,1,0,1,0,0,0,0,1721,108000,126117.74,DATA SCIENTIST,MI,L,0,Entry-Level Analysts
2,2,0,68,73,15,0,1,1,0,0,1,0,0,2520,62000,100785.8,DATA ANALYST,MI,L,1,Senior ML Engineers
3,2,1,68,73,32,0,0,0,0,0,0,0,0,1928,63000,195105.53,ETL DEVELOPER,SE,M,3,Business Intelligence
3,2,0,68,73,28,0,1,0,1,0,0,0,0,1764,215000,161695.13,DATA SCIENTIST,SE,L,0,Entry-Level Analysts
2,2,0,68,73,28,50,1,0,1,0,0,0,0,2234,109000,126117.74,DATA SCIENTIST,MI,L,0,Entry-Level Analysts
2,2,1,68,73,28,0,1,0,1,0,0,0,0,1385,120000,135704.2,DATA SCIENTIST,MI,M,0,Entry-Level Analysts
2,2,0,68,73,28,100,1,0,1,0,0,0,0,2031,153000,124438.45,DATA SCIENTIST,MI,L,0,Entry-Level Analysts
3,2,1,68,73,19,100,1,1,0,0,0,0,0,810,146000,161784.8,DATA ENGINEER,SE,M,1,Senior ML Engineers
3,2,1,68,73,19,0,1,1,0,0,0,0,0,1116,175308,157349.44,DATA ENGINEER,SE,M,1,Senior ML Engineers
2,2,1,68,73,19,0,1,1,0,0,0,0,0,680,200000,133278.51,DATA ENGINEER,MI,M,1,Senior ML Engineers
3,2,1,19,20,48,100,1,0,1,0,0,0,0,2508,173762,141261.33,PRINCIPAL DATA SCIENTIST,SE,M,0,Entry-Level Analysts
3,2,2,37,38,15,100,1,1,0,0,1,0,0,705,15806,67721.96,DATA ANALYST,SE,S,1,Senior ML Engineers
3,2,0,68,73,29,100,0,0,0,0,0,0,0,2005,148700,124844.51,DATA SPECIALIST,SE,L,3,Business Intelligence
0,2,1,68,38,28,100,1,0,1,0,0,0,0,1055,50000,64231.34,DATA SCIENTIST,EN,M,0,Entry-Level Analysts
2,2,1,68,73,28,100,1,0,1,0,0,0,0,620,200000,130952.83,DATA SCIENTIST,MI,M,0,Entry-Level Analysts
3,2,1,68,73,5,100,0,0,0,0,0,0,0,1270,192000,179840.94,APPLIED SCIENTIST,SE,M,3,Business Intelligence
2,2,1,27,29,39,0,0,0,1,0,0,0,0,888,97218,93304.38,MACHINE LEARNING ENGINEER,MI,M,3,Business Intelligence
2,2,1,68,73,4,50,0,0,1,0,0,0,0,1916,173000,129268.5,APPLIED MACHINE LEARNING SCIENTIST,MI,M,3,Business Intelligence
3,2,1,68,73,18,0,0,0,0,0,0,0,0,798,228000,155446.76,DATA ARCHITECT,SE,M,3,Business Intelligence
3,2,1,68,73,19,100,1,1,0,0,0,0,0,1222,216000,161784.8,DATA ENGINEER,SE,M,1,Senior ML Engineers
3,2,1,68,73,28,0,1,0,1,0,0,0,0,1491,198800,165276.93,DATA SCIENTIST,SE,M,0,Entry-Level Analysts
2,2,0,6,5,7,50,1,1,0,0,1,0,0,1746,45050,50725.16,BI DATA ANALYST,MI,L,1,Senior ML Engineers
0,2,2,68,73,15,100,1,1,0,0,1,0,0,2329,60000,53387.41,DATA ANALYST,EN,S,1,Senior ML Engineers
3,2,1,68,73,19,100,1,1,0,0,0,0,0,1423,230000,161784.8,DATA ENGINEER,SE,M,1,Senior ML Engineers
3,2,1,68,73,15,0,1,1,0,0,1,0,0,100,145000,125077.28,DATA ANALYST,SE,M,1,Senior ML Engineers
3,2,1,58,61,19,0,1,1,0,0,0,0,0,1717,73546,57684.65,DATA ENGINEER,SE,M,1,Senior ML Engineers
3,2,1,68,73,28,100,1,0,1,0,0,0,0,261,100000,163676.18,DATA SCIENTIST,SE,M,0,Entry-Level Analysts
2,2,1,11,11,15,100,1,1,0,0,1,0,0,605,130000,73181.14,DATA ANALYST,MI,M,1,Senior ML Engineers
2,2,1,68,73,2,100,0,0,0,0,0,0,1,1740,108000,136510.64,ANALYTICS ENGINEER,MI,M,2,Cloud & Data Platform
3,2,1,68,73,15,100,1,1,0,0,1,0,0,2015,93700,123561.51,DATA ANALYST,SE,M,1,Senior ML Engineers
2,2,1,68,73,49,0,0,0,0,0,0,0,1,179,230000,162799.04,RESEARCH ENGINEER,MI,M,2,Cloud & Data Platform
3,2,0,68,73,19,100,1,1,0,0,0,0,0,1750,132100,158672.58,DATA ENGINEER,SE,L,1,Senior ML Engineers
3,2,0,68,73,28,100,1,0,1,0,0,0,0,2057,215300,158132.01,DATA SCIENTIST,SE,L,0,Entry-Level Analysts
0,2,0,19,20,24,50,0,0,0,0,0,0,0,2312,63831,61494.11,DATA SCIENCE CONSULTANT,EN,L,3,Business Intelligence
3,2,1,68,73,27,0,0,0,0,0,0,0,0,1505,299500,196079.64,DATA SCIENCE MANAGER,SE,M,3,Business Intelligence
2,2,1,26,28,50,50,0,0,0,0,0,0,1,2303,62649,95474.88,RESEARCH SCIENTIST,MI,M,2,Cloud & Data Platform
0,2,0,26,28,28,50,1,0,1,0,0,0,0,1612,39925,38350.82,DATA SCIENTIST,EN,L,0,Entry-Level Analysts
3,2,1,11,11,15,100,1,1,0,0,1,0,0,291,175000,115291.28,DATA ANALYST,SE,M,1,Senior ML Engineers
3,2,1,68,73,39,100,0,0,1,0,0,0,0,141,212200,180617.15,MACHINE LEARNING ENGINEER,SE,M,3,Business Intelligence
3,2,1,68,73,15,100,1,1,0,0,1,0,0,507,121600,123561.51,DATA ANALYST,SE,M,1,Senior ML Engineers
3,2,1,68,73,44,100,1,0,1,0,0,0,0,1057,203500,186558.71,ML ENGINEER,SE,M,0,Entry-Level Analysts
3,2,1,68,73,19,0,1,1,0,0,0,0,0,1896,90000,157349.44,DATA ENGINEER,SE,M,1,Senior ML Engineers
3,2,0,68,73,47,100,0,0,0,0,0,0,0,1174,125000,177347.9,MANAGER DATA MANAGEMENT,SE,L,3,Business Intelligence
3,2,0,37,38,37,50,1,0,1,0,0,0,0,2286,40570,69237.58,LEAD DATA SCIENTIST,SE,L,0,Entry-Level Analysts
3,2,1,68,73,19,0,1,1,0,0,0,0,0,678,154000,157349.44,DATA ENGINEER,SE,M,1,Senior ML Engineers
3,2,0,68,73,39,0,0,0,1,0,0,0,0,1170,134500,173846.22,MACHINE LEARNING ENGINEER,SE,L,3,Business Intelligence
2,2,1,68,73,50,0,0,0,0,0,0,0,1,693,125000,140234.5,RESEARCH SCIENTIST,MI,M,2,Cloud & Data Platform
3,2,1,68,73,28,100,1,0,1,0,0,0,0,2145,211500,163676.18,DATA SCIENTIST,SE,M,0,Entry-Level Analysts
3,2,1,68,73,19,0,1,1,0,0,0,0,0,1606,240000,157349.44,DATA ENGINEER,SE,M,1,Senior ML Engineers
0,3,0,20,21,14,50,0,0,0,0,0,0,0,1882,19073,63008.22,COMPUTER VISION SOFTWARE ENGINEER,EN,L,3,Business Intelligence
3,2,1,68,73,5,100,0,0,0,0,0,0,0,247,184000,179840.94,APPLIED SCIENTIST,SE,M,3,Business Intelligence
3,2,1,68,73,8,100,0,0,0,0,1,0,0,1340,140000,131460.8,BI DEVELOPER,SE,M,3,Business Intelligence
3,2,0,58,61,33,100,0,0,0,0,0,0,0,695,75116,93612.13,HEAD OF DATA,SE,L,3,Business Intelligence
3,2,1,68,73,19,100,1,1,0,0,0,0,0,1533,116250,161784.8,DATA ENGINEER,SE,M,1,Senior ML Engineers
2,2,2,41,43,44,50,1,0,1,0,0,0,0,2273,63711,68760.2,ML ENGINEER,MI,S,0,Entry-Level Analysts
3,2,1,68,73,19,100,1,1,0,0,0,0,0,2174,175100,161784.8,DATA ENGINEER,SE,M,1,Senior ML Engineers
3,2,1,68,73,2,0,0,0,0,0,0,0,1,761,197000,158505.55,ANALYTICS ENGINEER,SE,M,2,Cloud & Data Platform
3,2,1,11,11,47,0,0,0,0,0,0,0,0,29,90000,149546.76,DATA STRATEGIST,SE,M,3,Business Intelligence
3,2,1,68,73,28,100,1,0,1,0,0,0,0,1307,210000,163676.18,DATA SCIENTIST,SE,M,0,Entry-Level Analysts
0,2,0,68,73,50,100,0,0,0,0,0,0,1,2260,120000,149001.24,RESEARCH SCIENTIST,EN,L,2,Cloud & Data Platform
3,2,1,68,73,19,0,1,1,0,0,0,0,0,387,178600,157349.44,DATA ENGINEER,SE,M,1,Senior ML Engineers
3,2,1,68,73,15,100,1,1,0,0,1,0,0,2124,155000,123561.51,DATA ANALYST,SE,M,1,Senior ML Engineers
3,2,1,68,73,15,100,1,1,0,0,1,0,0,1951,175000,123561.51,DATA ANALYST,SE,M,1,Senior ML Engineers
0,2,1,68,73,19,0,1,1,0,0,0,0,0,1225,65000,105746.44,DATA ENGINEER,EN,M,1,Senior ML Engineers
0,2,0,8,7,28,100,1,0,1,0,0,0,0,1962,84053,60887.93,DATA SCIENTIST,EN,L,0,Entry-Level Analysts
2,2,2,27,32,19,50,1,1,0,0,0,0,0,2478,66022,36518.57,DATA ENGINEER,MI,S,1,Senior ML Engineers
3,2,1,68,73,27,100,0,0,0,0,0,0,0,2523,190200,199094.13,DATA SCIENCE MANAGER,SE,M,3,Business Intelligence
3,2,1,68,73,19,0,1,1,0,0,0,0,0,1255,167500,157349.44,DATA ENGINEER,SE,M,1,Senior ML Engineers
3,2,2,68,73,28,100,1,0,1,0,0,0,0,1691,120000,139774.96,DATA SCIENTIST,SE,S,0,Entry-Level Analysts
3,2,1,27,29,19,0,1,1,0,0,0,0,0,2143,73880,103417.92,DATA ENGINEER,SE,M,1,Senior ML Engineers
3,2,1,68,73,19,100,1,1,0,0,0,0,0,1755,85000,161784.8,DATA ENGINEER,SE,M,1,Senior ML Engineers
2,2,0,68,73,35,0,1,1,0,0,1,0,0,332,68000,110646.02,LEAD DATA ANALYST,MI,L,1,Senior ML Engineers
3,2,1,68,73,19,100,1,1,0,0,0,0,0,1223,144000,161784.8,DATA ENGINEER,SE,M,1,Senior ML Engineers
3,2,1,68,73,19,100,1,1,0,0,0,0,0,781,137500,161784.8,DATA ENGINEER,SE,M,1,Senior ML Engineers
3,2,1,68,73,28,100,1,0,1,0,0,0,0,1567,177500,163676.18,DATA SCIENTIST,SE,M,0,Entry-Level Analysts
2,2,1,68,73,15,100,1,1,0,0,1,0,0,471,83500,102154.35,DATA ANALYST,MI,M,1,Senior ML Engineers
3,2,1,68,73,28,0,1,0,1,0,0,0,0,802,126500,165276.93,DATA SCIENTIST,SE,M,0,Entry-Level Analysts
3,2,1,27,29,2,100,0,0,0,0,0,0,1,1862,80041,127341.31,ANALYTICS ENGINEER,SE,M,2,Cloud & Data Platform
3,2,1,68,73,15,100,1,1,0,0,1,0,0,353,208450,123561.51,DATA ANALYST,SE,M,1,Senior ML Engineers
3,2,0,68,73,27,100,0,0,0,0,0,0,0,1967,140100,187540.29,DATA SCIENCE MANAGER,SE,L,3,Business Intelligence
3,2,1,68,73,28,0,1,0,1,0,0,0,0,208,162500,165276.93,DATA SCIENTIST,SE,M,0,Entry-Level Analysts
1,2,1,68,73,19,100,1,1,0,0,0,0,0,2217,216000,208471.34,DATA ENGINEER,EX,M,1,Senior ML Engineers
2,2,1,68,73,39,0,0,0,1,0,0,0,0,707,175000,148927.15,MACHINE LEARNING ENGINEER,MI,M,3,Business Intelligence
0,2,1,68,73,19,100,1,1,0,0,0,0,0,478,58000,107474.92,DATA ENGINEER,EN,M,1,Senior ML Engineers
2,2,1,68,73,39,0,0,0,1,0,0,0,0,1381,230000,148927.15,MACHINE LEARNING ENGINEER,MI,M,3,Business Intelligence
0,2,2,68,73,39,50,0,0,1,0,0,0,0,2458,81000,127592.38,MACHINE LEARNING ENGINEER,EN,S,3,Business Intelligence
2,2,1,68,73,15,0,1,1,0,0,1,0,0,532,160000,104069.37,DATA ANALYST,MI,M,1,Senior ML Engineers
3,2,1,68,73,27,0,0,0,0,0,0,0,0,1253,175000,196079.64,DATA SCIENCE MANAGER,SE,M,3,Business Intelligence
3,2,1,11,11,39,0,0,0,1,0,0,0,0,1752,140000,174483.91,MACHINE LEARNING ENGINEER,SE,M,3,Business Intelligence
3,2,0,68,73,29,100,0,0,0,0,0,0,0,2004,221300,124844.51,DATA SPECIALIST,SE,L,3,Business Intelligence
3,2,1,68,73,18,0,0,0,0,0,0,0,0,965,113000,155446.76,DATA ARCHITECT,SE,M,3,Business Intelligence
3,2,0,68,73,10,100,1,1,0,0,1,0,0,2026,100000,137878.2,BUSINESS DATA ANALYST,SE,L,1,Senior ML Engineers
3,2,1,68,73,8,100,0,0,0,0,1,0,0,1018,110000,131460.8,BI DEVELOPER,SE,M,3,Business Intelligence
3,2,1,25,5,3,100,1,0,1,0,0,0,0,199,68318,76331.57,APPLIED DATA SCIENTIST,SE,M,0,Entry-Level Analysts
3,2,1,68,73,15,0,1,1,0,0,1,0,0,229,70000,125077.28,DATA ANALYST,SE,M,1,Senior ML Engineers
0,2,0,37,38,9,100,1,1,0,0,1,0,0,2436,16228,21645.88,BIG DATA ENGINEER,EN,L,1,Senior ML Engineers
3,2,1,68,73,19,0,1,1,0,0,0,0,0,881,241871,157349.44,DATA ENGINEER,SE,M,1,Senior ML Engineers
3,2,1,68,73,39,0,0,0,1,0,0,0,0,867,284310,175894.42,MACHINE LEARNING ENGINEER,SE,M,3,Business Intelligence
2,2,1,27,29,24,0,0,0,0,0,0,0,0,1412,70186,67192.04,DATA SCIENCE CONSULTANT,MI,M,3,Business Intelligence
3,2,1,68,73,15,0,1,1,0,0,1,0,0,1559,154560,125077.28,DATA ANALYST,SE,M,1,Senior ML Engineers
3,2,0,6,5,27,100,0,0,0,0,0,0,0,2037,133766,58397.93,DATA SCIENCE MANAGER,SE,L,3,Business Intelligence
3,2,1,68,73,19,0,1,1,0,0,0,0,0,315,240000,157349.44,DATA ENGINEER,SE,M,1,Senior ML Engineers
2,2,1,68,73,41,100,0,0,1,0,0,0,1,1380,100000,142059.55,MACHINE LEARNING RESEARCHER,MI,M,2,Cloud & Data Platform
3,2,1,68,73,15,100,1,1,0,0,1,0,0,2192,60000,123561.51,DATA ANALYST,SE,M,1,Senior ML Engineers
3,2,1,68,73,28,0,1,0,1,0,0,0,0,2103,80000,165276.93,DATA SCIENTIST,SE,M,0,Entry-Level Analysts
3,2,1,68,73,19,0,1,1,0,0,0,0,0,69,115000,157349.44,DATA ENGINEER,SE,M,1,Senior ML Engineers
3,2,1,68,73,49,0,0,0,0,0,0,0,1,1459,250000,181947.53,RESEARCH ENGINEER,SE,M,2,Cloud & Data Platform
3,2,1,68,73,42,0,0,0,1,0,0,0,0,1980,144000,197635.26,MACHINE LEARNING SCIENTIST,SE,M,3,Business Intelligence
3,2,1,68,73,28,100,1,0,1,0,0,0,0,135,138784,163676.18,DATA SCIENTIST,SE,M,0,Entry-Level Analysts
3,2,1,68,73,39,100,0,0,1,0,0,0,0,786,153088,180617.15,MACHINE LEARNING ENGINEER,SE,M,3,Business Intelligence
3,2,2,49,52,19,0,1,1,0,0,0,0,0,2386,33511,114509.82,DATA ENGINEER,SE,S,1,Senior ML Engineers
1,2,1,68,73,28,0,1,0,1,0,0,0,0,438,100000,194525.64,DATA SCIENTIST,EX,M,0,Entry-Level Analysts
3,2,1,68,73,28,100,1,0,1,0,0,0,0,1290,175000,163676.18,DATA SCIENTIST,SE,M,0,Entry-Level Analysts
0,2,0,9,10,28,100,1,0,1,0,0,0,0,817,19522,58760.83,DATA SCIENTIST,EN,L,0,Entry-Level Analysts
3,2,1,68,73,28,100,1,0,1,0,0,0,0,231,175000,163676.18,DATA SCIENTIST,SE,M,0,Entry-Level Analysts
2,2,1,68,73,19,100,1,1,0,0,0,0,0,485,90000,135541.45,DATA ENGINEER,MI,M,1,Senior ML Engineers
3,2,1,68,73,28,100,1,0,1,0,0,0,0,1681,38000,163676.18,DATA SCIENTIST,SE,M,0,Entry-Level Analysts
3,2,1,68,73,19,0,1,1,0,0,0,0,0,407,124500,157349.44,DATA ENGINEER,SE,M,1,Senior ML Engineers
3,2,1,11,11,15,100,1,1,0,0,1,0,0,2150,61300,115291.28,DATA ANALYST,SE,M,1,Senior ML Engineers
3,2,1,68,73,15,0,1,1,0,0,1,0,0,410,125600,125077.28,DATA ANALYST,SE,M,1,Senior ML Engineers
3,2,1,68,73,28,100,1,0,1,0,0,0,0,1839,172000,163676.18,DATA SCIENTIST,SE,M,0,Entry-Level Analysts
3,2,1,68,73,39,0,0,0,1,0,0,0,0,1366,192000,175894.42,MACHINE LEARNING ENGINEER,SE,M,3,Business Intelligence
3,2,1,68,73,39,100,0,0,1,0,0,0,0,2212,220000,180617.15,MACHINE LEARNING ENGINEER,SE,M,3,Business Intelligence
2,2,2,22,24,33,100,0,0,0,0,0,0,0,2243,31520,70923.62,HEAD OF DATA,MI,S,3,Business Intelligence
3,2,1,68,73,2,0,0,0,0,0,0,0,1,1472,135000,158505.55,ANALYTICS ENGINEER,SE,M,2,Cloud & Data Platform
3,2,2,27,59,9,100,1,1,0,0,1,0,0,2471,114047,105499.5,BIG DATA ENGINEER,SE,S,1,Senior ML Engineers
0,2,0,11,11,15,0,1,1,0,0,1,0,0,279,40663,66581.48,DATA ANALYST,EN,L,1,Senior ML Engineers
2,2,1,37,38,10,100,1,1,0,0,1,0,0,2224,17805,26002.74,BUSINESS DATA ANALYST,MI,M,1,Senior ML Engineers
2,2,1,35,37,28,0,1,0,1,0,0,0,0,443,80481,79948.46,DATA SCIENTIST,MI,M,0,Entry-Level Analysts
2,2,0,68,73,15,100,1,1,0,0,1,0,0,2381,93000,100439.0,DATA ANALYST,MI,L,1,Senior ML Engineers
0,2,1,68,73,19,0,1,1,0,0,0,0,0,482,90000,105746.44,DATA ENGINEER,EN,M,1,Senior ML Engineers
3,2,1,57,60,39,100,0,0,1,0,0,0,0,1786,135000,182353.09,MACHINE LEARNING ENGINEER,SE,M,3,Business Intelligence
3,2,1,68,73,39,0,0,0,1,0,0,0,0,322,289076,175894.42,MACHINE LEARNING ENGINEER,SE,M,3,Business Intelligence
3,2,1,68,73,15,100,1,1,0,0,1,0,0,440,95000,123561.51,DATA ANALYST,SE,M,1,Senior ML Engineers
0,2,1,68,73,30,0,0,0,0,0,0,0,0,1135,150000,119608.21,DEEP LEARNING ENGINEER,EN,M,3,Business Intelligence
2,2,0,68,73,39,50,0,0,1,0,0,0,0,1094,219000,143069.71,MACHINE LEARNING ENGINEER,MI,L,3,Business Intelligence
0,2,0,65,69,38,100,0,0,1,0,0,0,0,1830,15000,23210.86,MACHINE LEARNING DEVELOPER,EN,L,3,Business Intelligence
3,2,1,68,73,15,0,1,1,0,0,1,0,0,839,108000,125077.28,DATA ANALYST,SE,M,1,Senior ML Engineers
3,2,1,68,73,15,0,1,1,0,0,1,0,0,1450,105000,125077.28,DATA ANALYST,SE,M,1,Senior ML Engineers
3,2,1,68,73,15,0,1,1,0,0,1,0,0,408,175000,125077.28,DATA ANALYST,SE,M,1,Senior ML Engineers
2,2,0,68,73,19,100,1,1,0,0,0,0,0,2298,200000,131459.02,DATA ENGINEER,MI,L,1,Senior ML Engineers
3,2,0,68,73,44,100,1,0,1,0,0,0,0,1779,195400,184273.1,ML ENGINEER,SE,L,0,Entry-Level Analysts
3,2,1,68,73,39,0,0,0,1,0,0,0,0,1556,201000,175894.42,MACHINE LEARNING ENGINEER,SE,M,3,Business Intelligence
3,2,0,68,73,39,100,0,0,1,0,0,0,0,1805,195400,175865.29,MACHINE LEARNING ENGINEER,SE,L,3,Business Intelligence
3,2,0,68,73,48,100,1,0,1,0,0,0,0,2516,235000,191721.18,PRINCIPAL DATA SCIENTIST,SE,L,0,Entry-Level Analysts
3,2,1,68,73,28,0,1,0,1,0,0,0,0,1073,105200,165276.93,DATA SCIENTIST,SE,M,0,Entry-Level Analysts
3,2,1,68,73,2,100,0,0,0,0,0,0,1,1745,110000,155869.54,ANALYTICS ENGINEER,SE,M,2,Cloud & Data Platform
3,2,1,68,73,2,100,0,0,0,0,0,0,1,554,275300,155869.54,ANALYTICS ENGINEER,SE,M,2,Cloud & Data Platform
0,2,1,19,20,4,50,0,0,1,0,0,0,0,450,42923,46081.85,APPLIED MACHINE LEARNING SCIENTIST,EN,M,3,Business Intelligence
2,2,0,37,38,3,100,1,0,1,0,0,0,0,149,20670,58854.7,APPLIED DATA SCIENTIST,MI,L,0,Entry-Level Analysts
0,2,2,3,2,16,100,0,0,0,0,0,0,1,1419,13000,395.96,DATA ANALYTICS ENGINEER,EN,S,2,Cloud & Data Platform
2,2,1,62,66,15,50,1,1,0,0,1,0,0,2028,65257,79570.38,DATA ANALYST,MI,M,1,Senior ML Engineers
0,2,0,34,36,15,0,1,1,0,0,1,0,0,2036,15000,45706.97,DATA ANALYST,EN,L,1,Senior ML Engineers
3,2,1,68,73,12,100,0,0,0,1,0,0,0,1091,115000,165304.09,CLOUD DATABASE ENGINEER,SE,M,4,Research & NLP
3,2,1,68,73,18,100,0,0,0,0,0,0,0,498,113900,165004.93,DATA ARCHITECT,SE,M,3,Business Intelligence
3,2,1,68,73,19,0,1,1,0,0,0,0,0,1641,260000,157349.44,DATA ENGINEER,SE,M,1,Senior ML Engineers
3,2,1,68,73,27,0,0,0,0,0,0,0,0,741,175000,196079.64,DATA SCIENCE MANAGER,SE,M,3,Business Intelligence
3,2,1,68,73,39,100,0,0,1,0,0,0,0,2213,120000,180617.15,MACHINE LEARNING ENGINEER,SE,M,3,Business Intelligence
2,2,1,68,73,28,100,1,0,1,0,0,0,0,621,150000,130952.83,DATA SCIENTIST,MI,M,0,Entry-Level Analysts
3,2,1,68,73,19,0,1,1,0,0,0,0,0,163,155000,157349.44,DATA ENGINEER,SE,M,1,Senior ML Engineers
3,2,1,68,73,19,0,1,1,0,0,0,0,0,402,171250,157349.44,DATA ENGINEER,SE,M,1,Senior ML Engineers
3,2,1,68,73,19,0,1,1,0,0,0,0,0,509,225000,157349.44,DATA ENGINEER,SE,M,1,Senior ML Engineers
3,2,1,68,73,19,0,1,1,0,0,0,0,0,679,116000,157349.44,DATA ENGINEER,SE,M,1,Senior ML Engineers
3,2,1,68,73,39,0,0,0,1,0,0,0,0,1934,164996,175894.42,MACHINE LEARNING ENGINEER,SE,M,3,Business Intelligence
3,2,1,68,73,28,0,1,0,1,0,0,0,0,2040,148800,165276.93,DATA SCIENTIST,SE,M,0,Entry-Level Analysts
2,2,1,27,29,19,100,1,1,0,0,0,0,0,2094,55410,80657.72,DATA ENGINEER,MI,M,1,Senior ML Engineers
3,2,1,27,75,16,100,0,0,0,0,0,0,1,2452,50000,96216.94,DATA ANALYTICS ENGINEER,SE,M,2,Cloud & Data Platform
2,2,1,68,73,39,0,0,0,1,0,0,0,0,565,150000,148927.15,MACHINE LEARNING ENGINEER,MI,M,3,Business Intelligence
0,2,0,68,73,19,100,1,1,0,0,0,0,0,2024,86000,103706.91,DATA ENGINEER,EN,L,1,Senior ML Engineers
3,2,1,68,73,28,100,1,0,1,0,0,0,0,49,275300,163676.18,DATA SCIENTIST,SE,M,0,Entry-Level Analysts
3,2,0,68,73,5,0,0,0,0,0,0,0,0,67,309400,182700.37,APPLIED SCIENTIST,SE,L,3,Business Intelligence
3,2,1,68,73,19,100,1,1,0,0,0,0,0,756,65000,161784.8,DATA ENGINEER,SE,M,1,Senior ML Engineers
2,2,0,68,62,19,0,1,1,0,0,0,0,0,2455,26005,63918.57,DATA ENGINEER,MI,L,1,Senior ML Engineers
0,2,0,68,73,19,100,1,1,0,0,0,0,0,2410,72500,103706.91,DATA ENGINEER,EN,L,1,Senior ML Engineers
3,2,1,68,73,28,100,1,0,1,0,0,0,0,48,245000,163676.18,DATA SCIENTIST,SE,M,0,Entry-Level Analysts
0,2,1,26,28,28,0,1,0,1,0,0,0,0,2453,39916,53943.62,DATA SCIENTIST,EN,M,0,Entry-Level Analysts
2,2,2,19,20,28,100,1,0,1,0,0,0,0,1731,75648,52375.8,DATA SCIENTIST,MI,S,0,Entry-Level Analysts
3,2,1,68,73,22,0,0,0,0,0,0,0,0,1650,70000,129361.62,DATA OPERATIONS ENGINEER,SE,M,3,Business Intelligence
3,2,1,68,73,39,100,0,0,1,0,0,0,0,1640,180000,180617.15,MACHINE LEARNING ENGINEER,SE,M,3,Business Intelligence
3,2,1,68,73,19,0,1,1,0,0,0,0,0,124,252000,157349.44,DATA ENGINEER,SE,M,1,Senior ML Engineers
0,2,1,68,73,15,0,1,1,0,0,1,0,0,649,100000,73797.97,DATA ANALYST,EN,M,1,Senior ML Engineers
3,2,1,68,73,27,100,0,0,0,0,0,0,0,866,138750,199094.13,DATA SCIENCE MANAGER,SE,M,3,Business Intelligence
2,2,2,68,73,42,0,0,0,1,0,0,0,0,662,125000,160303.88,MACHINE LEARNING SCIENTIST,MI,S,3,Business Intelligence
3,2,1,68,73,15,0,1,1,0,0,1,0,0,1456,130000,125077.28,DATA ANALYST,SE,M,1,Senior ML Engineers
3,2,1,24,26,15,100,1,1,0,0,1,0,0,841,55800,45455.59,DATA ANALYST,SE,M,1,Senior ML Engineers
3,2,1,68,73,11,0,0,0,0,0,0,0,0,25,225000,167230.42,BUSINESS INTELLIGENCE ENGINEER,SE,M,3,Business Intelligence
3,0,1,68,73,47,100,1,0,1,0,0,0,0,2423,105000,204789.57,STAFF DATA SCIENTIST,SE,M,0,Entry-Level Analysts
3,2,0,68,73,18,100,0,0,0,0,0,0,0,1803,195400,163201.83,DATA ARCHITECT,SE,L,3,Business Intelligence
3,2,1,68,73,12,100,0,0,0,1,0,0,0,1090,140000,165304.09,CLOUD DATABASE ENGINEER,SE,M,4,Research & NLP
3,2,0,68,73,28,0,1,0,1,0,0,0,0,1656,104300,161695.13,DATA SCIENTIST,SE,L,0,Entry-Level Analysts
3,2,1,68,73,15,100,1,1,0,0,1,0,0,1629,135000,123561.51,DATA ANALYST,SE,M,1,Senior ML Engineers
0,2,1,40,41,24,50,0,0,0,0,0,0,0,1221,24165,49001.34,DATA SCIENCE CONSULTANT,EN,M,3,Business Intelligence
3,2,1,68,73,18,100,0,0,0,0,0,0,0,602,117000,165004.93,DATA ARCHITECT,SE,M,3,Business Intelligence
3,2,1,68,73,19,0,1,1,0,0,0,0,0,1477,179500,157349.44,DATA ENGINEER,SE,M,1,Senior ML Engineers
2,2,0,68,73,28,50,1,0,1,0,0,0,0,2443,147000,126117.74,DATA SCIENTIST,MI,L,0,Entry-Level Analysts
2,2,1,26,28,7,50,1,1,0,0,1,0,0,1494,105066,46503.75,BI DATA ANALYST,MI,M,1,Senior ML Engineers
3,2,1,35,37,28,0,1,0,1,0,0,0,0,361,171250,103914.87,DATA SCIENTIST,SE,M,0,Entry-Level Analysts
3,2,0,68,73,35,100,1,1,0,0,1,0,0,2346,170000,138652.61,LEAD DATA ANALYST,SE,L,1,Senior ML Engineers
3,2,1,68,73,28,100,1,0,1,0,0,0,0,1113,115000,163676.18,DATA SCIENTIST,SE,M,0,Entry-Level Analysts
3,2,1,68,73,19,100,1,1,0,0,0,0,0,1618,166000,161784.8,DATA ENGINEER,SE,M,1,Senior ML Engineers
3,2,0,68,73,28,0,1,0,1,0,0,0,0,1894,119300,161695.13,DATA SCIENTIST,SE,L,0,Entry-Level Analysts
2,2,1,68,73,19,100,1,1,0,0,0,0,0,1483,90000,135541.45,DATA ENGINEER,MI,M,1,Senior ML Engineers
2,2,1,68,73,28,0,1,0,1,0,0,0,0,857,120000,135704.2,DATA SCIENTIST,MI,M,0,Entry-Level Analysts
3,2,1,68,73,24,0,0,0,0,0,0,0,0,1186,128000,125846.33,DATA SCIENCE CONSULTANT,SE,M,3,Business Intelligence
3,2,1,68,73,15,100,1,1,0,0,1,0,0,1325,100000,123561.51,DATA ANALYST,SE,M,1,Senior ML Engineers
2,2,0,11,11,50,100,0,0,0,0,0,0,1,2364,187442,65549.05,RESEARCH SCIENTIST,MI,L,2,Cloud & Data Platform
2,2,1,11,11,38,100,0,0,1,0,0,0,0,2220,76814,70339.29,MACHINE LEARNING DEVELOPER,MI,M,3,Business Intelligence
2,2,1,68,73,19,100,1,1,0,0,0,0,0,1321,80000,135541.45,DATA ENGINEER,MI,M,1,Senior ML Engineers
3,2,1,68,73,15,100,1,1,0,0,1,0,0,1666,175950,123561.51,DATA ANALYST,SE,M,1,Senior ML Engineers
3,2,0,68,73,39,100,0,0,1,0,0,0,0,1938,150000,175865.29,MACHINE LEARNING ENGINEER,SE,L,3,Business Intelligence
2,2,1,68,73,19,100,1,1,0,0,0,0,0,1023,95000,135541.45,DATA ENGINEER,MI,M,1,Senior ML Engineers
3,2,1,68,73,2,100,0,0,0,0,0,0,1,240,113000,155869.54,ANALYTICS ENGINEER,SE,M,2,Cloud & Data Platform
3,2,1,68,73,15,100,1,1,0,0,1,0,0,736,179975,123561.51,DATA ANALYST,SE,M,1,Senior ML Engineers
2,2,1,68,73,19,0,1,1,0,0,0,0,0,2097,82900,133278.51,DATA ENGINEER,MI,M,1,Senior ML Engineers
3,2,1,68,73,19,0,1,1,0,0,0,0,0,70,81500,157349.44,DATA ENGINEER,SE,M,1,Senior ML Engineers
3,2,1,68,73,15,100,1,1,0,0,1,0,0,2206,105000,123561.51,DATA ANALYST,SE,M,1,Senior ML Engineers
0,2,1,55,58,16,0,0,0,0,0,0,0,1,2270,20000,49568.21,DATA ANALYTICS ENGINEER,EN,M,2,Cloud & Data Platform
3,2,1,19,20,48,100,1,0,1,0,0,0,0,2280,155499,141261.33,PRINCIPAL DATA SCIENTIST,SE,M,0,Entry-Level Analysts
3,2,1,68,73,13,0,0,0,0,0,0,0,0,73,280000,191422.74,COMPUTER VISION ENGINEER,SE,M,3,Business Intelligence
2,2,1,43,46,19,0,1,1,0,0,0,0,0,1410,110446,71108.74,DATA ENGINEER,MI,M,1,Senior ML Engineers
0,2,1,68,73,15,100,1,1,0,0,1,0,0,350,64200,73135.07,DATA ANALYST,EN,M,1,Senior ML Engineers
2,2,0,11,11,28,100,1,0,1,0,0,0,0,2323,75774,77612.98,DATA SCIENTIST,MI,L,0,Entry-Level Analysts
3,2,1,68,73,15,100,1,1,0,0,1,0,0,2177,99050,123561.51,DATA ANALYST,SE,M,1,Senior ML Engineers
2,2,2,19,20,19,100,1,1,0,0,0,0,0,2302,59303,57685.97,DATA ENGINEER,MI,S,1,Senior ML Engineers
2,2,1,24,26,28,0,1,0,1,0,0,0,0,582,48289,50225.61,DATA SCIENTIST,MI,M,0,Entry-Level Analysts
3,2,1,68,73,19,100,1,1,0,0,0,0,0,1563,135000,161784.8,DATA ENGINEER,SE,M,1,Senior ML Engineers
2,2,0,13,13,39,100,0,0,1,0,0,0,0,1553,104697,80614.08,MACHINE LEARNING ENGINEER,MI,L,3,Business Intelligence
3,2,1,68,73,18,100,0,0,0,0,0,0,0,76,168100,165004.93,DATA ARCHITECT,SE,M,3,Business Intelligence
3,2,1,68,73,15,0,1,1,0,0,1,0,0,432,208049,125077.28,DATA ANALYST,SE,M,1,Senior ML Engineers
